gameDate,gameNum,team,quarter,time,down,dist,fieldSide,yardLine,yardsGained,outCome
9/10/2023,1,Panthers,4,13:09,3rd,1,OWN,34,2,"(13:09) (NO HUDDLE, SHOTGUN) 6-M.SERS RIGHT GUARD TO CAR 36 FOR 2 YARDS (90-D.ONYEMATA, 44-T.ERSEN)."
9/10/2023,1,Panthers,4,11:42,3rd,10,OWN,36,-7,(11:42) (SHOTGUN) 9-B.YOUNG SACKED AT CAR 29 FOR -7 YARDS (SACK SPLIT BY 44-T.ERSEN  97-G.JARRETT).
9/10/2023,1,Panthers,4,11:42,3rd,5,OWN,41,0,"(11:42) (SHOTGUN) PENALTY ON CAR-79-I.EKWONU, FALSE START, 5 YARDS, ENFORCED AT CAR 41 - NO PLAY."
9/10/2023,1,Panthers,4,7:25,3rd,8,OWN,3,0,(7:25) (SHOTGUN) 9-B.YOUNG PASS INCOMPLETE SHORT RIGHT TO 88-T.MARSHALL [93-C.CAMPBELL].
9/10/2023,1,Panthers,4,4:34,3rd,10,OWN,25,-12,(4:34) (SHOTGUN) 9-B.YOUNG SACKED AT CAR 13 FOR -12 YARDS (0-L.CARTER).
9/10/2023,1,Panthers,4,1:23,3rd,5,OPP,38,9,(1:23) (SHOTGUN) 9-B.YOUNG PASS SHORT MIDDLE TO 19-A.THIELEN TO ATL 29 FOR 9 YARDS (27-R.GRANT).
9/10/2023,1,Panthers,4,0:28,3rd,15,OPP,34,0,"(:28) (NO HUDDLE, SHOTGUN) 9-B.YOUNG PASS INCOMPLETE DEEP RIGHT."
9/10/2023,1,Panthers,3,11:31,3rd,10,OPP,33,8,(11:31) (SHOTGUN) 9-B.YOUNG PASS SHORT RIGHT TO 15-J.MINGO TO ATL 25 FOR 8 YARDS (20-D.ALFORD).
9/10/2023,1,Panthers,3,6:48,3rd,6,OWN,40,0,"(6:48) (SHOTGUN) 9-B.YOUNG PASS SHORT MIDDLE INTENDED FOR 88-T.MARSHALL INTERCEPTED BY 3-J.BATES AT ATL 49. 3-J.BATES TO ATL 49 FOR NO GAIN (88-T.MARSHALL). PENALTY ON CAR-80-I.THOMAS, UNNECESSARY ROUGHNESS, 15 YARDS, ENFORCED AT ATL 49."
9/10/2023,1,Panthers,3,2:58,3rd,9,OWN,47,0,"(2:58) (NO HUDDLE, SHOTGUN) 9-B.YOUNG PASS INCOMPLETE SHORT LEFT TO 88-T.MARSHALL. PENALTY ON ATL-33-T.FLOWERS, DEFENSIVE PASS INTERFERENCE, 9 YARDS, ENFORCED AT CAR 47 - NO PLAY."
9/10/2023,1,Panthers,2,14:46,3rd,10,OWN,25,7,(14:46) (SHOTGUN) 9-B.YOUNG PASS SHORT LEFT TO 30-C.HUBBARD PUSHED OB AT CAR 32 FOR 7 YARDS (44-T.ERSEN).
9/10/2023,1,Panthers,2,11:04,3rd,2,OWN,33,11,"(11:04) (SHOTGUN) 9-B.YOUNG PASS SHORT MIDDLE TO 81-H.HURST TO CAR 44 FOR 11 YARDS (33-T.FLOWERS, 3-J.BATES)."
9/10/2023,1,Panthers,2,7:48,3rd,8,OPP,41,9,(7:48) (SHOTGUN) 9-B.YOUNG PASS SHORT LEFT TO 15-J.MINGO PUSHED OB AT ATL 32 FOR 9 YARDS (33-T.FLOWERS).
9/10/2023,1,Panthers,2,1:39,3rd,10,OWN,17,0,(1:39) (SHOTGUN) 9-B.YOUNG PASS INCOMPLETE DEEP MIDDLE TO 15-J.MINGO.
9/10/2023,1,Panthers,1,8:58,3rd,11,OPP,34,14,(8:58) (SHOTGUN) 9-B.YOUNG PASS SHORT LEFT TO 5-L.SHENAULT TO ATL 20 FOR 14 YARDS (27-R.GRANT; 33-T.FLOWERS).
9/10/2023,1,Panthers,1,6:56,3rd,1,OPP,11,0,(6:56) (SHOTGUN) 5-L.SHENAULT LEFT GUARD TO ATL 11 FOR NO GAIN (27-R.GRANT; 48-B.DUPREE).
9/18/2023,2,Panthers,4,11:26,3rd,1,OWN,29,5,(11:26) 6-M.SERS LEFT END PUSHED OB AT CAR 34 FOR 5 YARDS (56-D.DAVIS).
9/18/2023,2,Panthers,4,9:22,3rd,11,OWN,33,26,(9:22) (SHOTGUN) 9-B.YOUNG SCRAMBLES UP THE MIDDLE TO NO 41 FOR 26 YARDS (23-M.LATTIMORE).
9/18/2023,2,Panthers,4,6:20,3rd,3,OPP,13,-5,(6:20) (SHOTGUN) 9-B.YOUNG SACKED AT NO 18 FOR -5 YARDS (56-D.DAVIS).
9/18/2023,2,Panthers,4,2:42,3rd,4,OWN,31,7,(2:42) (SHOTGUN) 9-B.YOUNG PASS SHORT RIGHT TO 19-A.THIELEN TO CAR 38 FOR 7 YARDS (29-P.ADEBO).
9/18/2023,2,Panthers,4,2:00,3rd,2,OWN,46,0,(2:00) (SHOTGUN) 9-B.YOUNG PASS INCOMPLETE DEEP RIGHT TO 15-J.MINGO.
9/18/2023,2,Panthers,3,13:43,3rd,9,OWN,26,-11,"(13:43) (SHOTGUN) 9-B.YOUNG SACKED AT CAR 15 FOR -11 YARDS (SACK SPLIT BY 94-C.JORDAN  90-B.BRESEE). FUMBLES (94-C.JORDAN) [90-B.BRESEE], RECOVERED BY NO-90-B.BRESEE AT CAR 14. PENALTY ON NO-29-P.ADEBO, DEFENSIVE HOLDING, 5 YARDS, ENFORCED AT CAR 26 - NO PLAY."
9/18/2023,2,Panthers,3,11:58,3rd,3,OWN,49,0,(11:58) (SHOTGUN) 9-B.YOUNG PASS INCOMPLETE DEEP RIGHT TO 15-J.MINGO.
9/18/2023,2,Panthers,3,9:40,3rd,9,OPP,40,9,"(9:40) (SHOTGUN) 9-B.YOUNG SCRAMBLES UP THE MIDDLE TO NO 31 FOR 9 YARDS (6-M.MAYE). NEW ORLEANS CHALLENGED THE FIRST DOWN RULING,  THE PLAY WAS REVERSED. (SHOTGUN) 9-B.YOUNG SCRAMBLES UP THE MIDDLE TO NO 32 FOR 8 YARDS (6-M.MAYE)."
9/18/2023,2,Panthers,3,2:15,3rd,16,OWN,19,9,(2:15) (SHOTGUN) 9-B.YOUNG PASS SHORT LEFT TO 30-C.HUBBARD TO CAR 28 FOR 9 YARDS (32-T.MATHIEU) [90-B.BRESEE].
9/18/2023,2,Panthers,2,14:33,3rd,6,OWN,29,0,(14:33) (SHOTGUN) 9-B.YOUNG PASS INCOMPLETE SHORT LEFT TO 19-A.THIELEN (1-A.TAYLOR).
9/18/2023,2,Panthers,2,8:37,3rd,13,OWN,22,0,"(8:37) (SHOTGUN) 9-B.YOUNG PASS INCOMPLETE DEEP RIGHT. PENALTY ON CAR-79-I.EKWONU, INELIGIBLE DOWNFIELD PASS, DECLINED."
9/18/2023,2,Panthers,2,4:18,3rd,3,OWN,32,0,(4:18) (SHOTGUN) 9-B.YOUNG PASS INCOMPLETE SHORT LEFT TO 15-J.MINGO (23-M.LATTIMORE).
9/18/2023,2,Panthers,2,1:52,3rd,6,OPP,18,-5,"(1:52) (SHOTGUN) 9-B.YOUNG SACKED AT NO 23 FOR -5 YARDS (96-C.GRERSON). FUMBLES (96-C.GRERSON) [96-C.GRERSON], TOUCHED AT NO 21, RECOVERED BY NO-29-P.ADEBO AT NO 41."
9/18/2023,2,Panthers,1,9:52,3rd,3,OPP,45,6,(9:52) (SHOTGUN) 9-B.YOUNG PASS SHORT RIGHT TO 19-A.THIELEN TO NO 39 FOR 6 YARDS (99-K.SAUNDERS).
9/18/2023,2,Panthers,1,7:52,3rd,15,OPP,44,10,(7:52) (SHOTGUN) 9-B.YOUNG PASS SHORT MIDDLE TO 19-A.THIELEN TO NO 34 FOR 10 YARDS (6-M.MAYE).
9/24/2023,3,Panthers,4,11:28,3rd,10,OWN,25,12,(11:28) (SHOTGUN) 14-A.DALTON PASS SHORT RIGHT TO 19-A.THIELEN TO CAR 37 FOR 12 YARDS (54-B.WAGNER).
9/24/2023,3,Panthers,4,9:42,3rd,2,OWN,45,10,(9:42) (SHOTGUN) 14-A.DALTON SCRAMBLES RIGHT GUARD TO SEA 45 FOR 10 YARDS (21-D.WITHERSPOON).
9/24/2023,3,Panthers,4,8:16,3rd,9,OPP,44,0,"(8:16) (SHOTGUN) PENALTY ON CAR-62-C.ZAVALA, FALSE START, 5 YARDS, ENFORCED AT SEA 44 - NO PLAY."
9/24/2023,3,Panthers,4,8:16,3rd,4,OPP,39,0,"(8:16) (SHOTGUN) PENALTY ON CAR-72-T.MOTON, FALSE START, 5 YARDS, ENFORCED AT SEA 39 - NO PLAY."
9/24/2023,3,Panthers,4,8:16,3rd,14,OPP,49,0,(8:16) (SHOTGUN) 14-A.DALTON PASS INCOMPLETE SHORT LEFT TO 19-A.THIELEN.
9/24/2023,3,Panthers,4,5:42,3rd,10,OWN,32,8,(5:42) (SHOTGUN) 14-A.DALTON PASS SHORT RIGHT TO 80-I.THOMAS TO CAR 40 FOR 8 YARDS (21-D.WITHERSPOON).
9/24/2023,3,Panthers,4,4:09,3rd,4,OWN,31,7,(4:09) (SHOTGUN) 14-A.DALTON PASS SHORT RIGHT TO 19-A.THIELEN TO CAR 38 FOR 7 YARDS (32-JE.REED).
9/24/2023,3,Panthers,4,2:15,3rd,4,OPP,44,4,"(2:15) (SHOTGUN) 14-A.DALTON PASS SHORT LEFT TO 88-T.MARSHALL TO SEA 40 FOR 4 YARDS (23-A.BURNS, 90-JA.REED)."
9/24/2023,3,Panthers,3,14:08,3rd,9,OWN,32,0,(14:08) (SHOTGUN) 14-A.DALTON PASS INCOMPLETE SHORT RIGHT TO 88-T.MARSHALL.
9/24/2023,3,Panthers,3,8:18,3rd,11,OPP,37,0,(8:18) (SHOTGUN) 14-A.DALTON PASS INCOMPLETE SHORT RIGHT TO 6-M.SERS.
9/24/2023,3,Panthers,3,2:48,3rd,8,OWN,27,0,"(2:48) (SHOTGUN) 14-A.DALTON PASS INCOMPLETE SHORT RIGHT TO 17-D.CHARK [90-JA.REED]. PENALTY ON SEA-21-D.WITHERSPOON, DEFENSIVE PASS INTERFERENCE, 12 YARDS, ENFORCED AT CAR 27 - NO PLAY."
9/24/2023,3,Panthers,3,1:58,3rd,3,OWN,46,23,"(1:58) (NO HUDDLE, SHOTGUN) 14-A.DALTON PASS DEEP LEFT TO 19-A.THIELEN TO SEA 31 FOR 23 YARDS (23-A.BURNS)."
9/24/2023,3,Panthers,3,0:05,3rd,5,OPP,26,25,"(:05) (NO HUDDLE, SHOTGUN) 14-A.DALTON PASS SHORT RIGHT TO 19-A.THIELEN TO SEA 1 FOR 25 YARDS (6-Q.DIGGS)."
9/24/2023,3,Panthers,2,11:00,3rd,6,OWN,29,0,(11:00) (SHOTGUN) 14-A.DALTON PASS INCOMPLETE DEEP RIGHT TO 15-J.MINGO (90-JA.REED).
9/24/2023,3,Panthers,2,7:57,3rd,2,OWN,33,5,(7:57) (SHOTGUN) 14-A.DALTON PASS SHORT LEFT TO 19-A.THIELEN TO CAR 38 FOR 5 YARDS (20-J.LOVE) [93-CA.YOUNG].
9/24/2023,3,Panthers,2,5:25,3rd,5,OPP,42,0,"(5:25) (NO HUDDLE, SHOTGUN) PENALTY ON CAR-79-I.EKWONU, FALSE START, 5 YARDS, ENFORCED AT SEA 42 - NO PLAY."
9/24/2023,3,Panthers,2,5:03,3rd,10,OPP,47,47,"(5:03) (SHOTGUN) 14-A.DALTON PASS DEEP LEFT TO 17-D.CHARK FOR 47 YARDS, TOUCHDOWN."
9/24/2023,3,Panthers,2,2:49,3rd,8,OPP,26,0,(2:49) (SHOTGUN) 14-A.DALTON PASS INCOMPLETE DEEP RIGHT TO 19-A.THIELEN (23-A.BURNS) [90-JA.REED].
9/24/2023,3,Panthers,2,0:18,3rd,9,OPP,48,0,(:18) (SHOTGUN) 14-A.DALTON PASS INCOMPLETE SHORT LEFT TO 19-A.THIELEN [10-U.NWOSU].
9/24/2023,3,Panthers,1,12:44,3rd,6,OWN,25,23,"(12:44) (SHOTGUN) 14-A.DALTON PASS DEEP LEFT TO 19-A.THIELEN RAN OB AT CAR 48 FOR 23 YARDS. PENALTY ON SEA-20-J.LOVE, ROUGHING THE PASSER, 15 YARDS, ENFORCED AT CAR 48."
9/24/2023,3,Panthers,1,11:07,3rd,4,OPP,31,6,(11:07) (SHOTGUN) 14-A.DALTON PASS SHORT RIGHT TO 6-M.SERS TO SEA 25 FOR 6 YARDS (56-J.BROOKS).
9/24/2023,3,Panthers,1,8:47,3rd,16,OPP,31,14,"(8:47) (SHOTGUN) 14-A.DALTON PASS SHORT RIGHT TO 6-M.SERS TO SEA 17 FOR 14 YARDS (6-Q.DIGGS, 21-D.WITHERSPOON). PENALTY ON CAR-82-T.TREMBLE, OFFENSIVE HOLDING, 10 YARDS, ENFORCED AT SEA 25."
9/24/2023,3,Panthers,1,8:27,3rd,20,OPP,35,6,(8:27) (SHOTGUN) 14-A.DALTON PASS SHORT LEFT TO 19-A.THIELEN TO SEA 29 FOR 6 YARDS (10-U.NWOSU).
9/24/2023,3,Panthers,1,2:07,3rd,10,OWN,40,-8,(2:07) (SHOTGUN) 14-A.DALTON SACKED AT CAR 32 FOR -8 YARDS (90-JA.REED).
10/1/2023,4,Panthers,4,12:56,3rd,4,OWN,44,8,(12:56) (SHOTGUN) 9-B.YOUNG PASS SHORT RIGHT TO 6-M.SERS PUSHED OB AT MIN 48 FOR 8 YARDS (24-C.BYNUM).
10/1/2023,4,Panthers,4,11:32,3rd,3,OPP,41,4,"(11:32) (NO HUDDLE, SHOTGUN) 30-C.HUBBARD UP THE MIDDLE TO MIN 37 FOR 4 YARDS (58-J.HICKS, 0-M.DAVENPORT)."
10/1/2023,4,Panthers,4,9:34,3rd,8,OPP,35,-9,(9:34) (SHOTGUN) 9-B.YOUNG SACKED AT MIN 44 FOR -9 YARDS (0-M.DAVENPORT).
10/1/2023,4,Panthers,4,6:13,3rd,4,OWN,32,4,(6:13) (SHOTGUN) 9-B.YOUNG SCRAMBLES LEFT END TO CAR 36 FOR 4 YARDS (58-J.HICKS).
10/1/2023,4,Panthers,4,2:29,3rd,2,OPP,14,1,(2:29) (SHOTGUN) 30-C.HUBBARD LEFT GUARD TO MIN 13 FOR 1 YARD (44-J.METELLUS; 91-P.JONES).
10/1/2023,4,Panthers,4,1:10,3rd,18,OPP,18,0,(1:10) (SHOTGUN) 9-B.YOUNG PASS INCOMPLETE DEEP LEFT [98-D.WONNUM].
10/1/2023,4,Panthers,3,13:39,3rd,8,OWN,27,6,(13:39) (SHOTGUN) 9-B.YOUNG SCRAMBLES LEFT END TO CAR 33 FOR 6 YARDS (98-D.WONNUM).
10/1/2023,4,Panthers,3,6:46,3rd,11,OWN,49,13,(6:46) (SHOTGUN) 9-B.YOUNG PASS SHORT MIDDLE TO 19-A.THIELEN TO MIN 38 FOR 13 YARDS (7-B.MURPHY). MIN-44-J.METELLUS WAS INJURED DURING THE PLAY.
10/1/2023,4,Panthers,3,2:30,3rd,8,OWN,27,-11,(2:30) (SHOTGUN) 9-B.YOUNG SACKED AT CAR 16 FOR -11 YARDS (98-D.WONNUM).
10/1/2023,4,Panthers,2,15:00,3rd,8,OPP,8,0,(15:00) (SHOTGUN) 9-B.YOUNG PASS INCOMPLETE SHORT LEFT TO 88-T.MARSHALL (98-D.WONNUM).
10/1/2023,4,Panthers,2,8:55,3rd,4,OWN,36,7,"(8:55) (SHOTGUN) 9-B.YOUNG PASS SHORT MIDDLE TO 81-H.HURST TO CAR 43 FOR 7 YARDS (24-C.BYNUM, 44-J.METELLUS)."
10/1/2023,4,Panthers,2,7:32,3rd,7,OWN,46,0,(7:32) (SHOTGUN) 9-B.YOUNG PASS SHORT RIGHT TO 88-T.MARSHALL TO CAR 46 FOR NO GAIN (98-D.WONNUM).
10/1/2023,4,Panthers,2,3:26,3rd,6,OWN,35,23,"(3:26) (SHOTGUN) 9-B.YOUNG PASS SHORT RIGHT TO 88-T.MARSHALL TO MIN 42 FOR 23 YARDS (98-D.WONNUM). PENALTY ON CAR-56-B.BOZEMAN, OFFENSIVE HOLDING, 10 YARDS, ENFORCED AT CAR 35 - NO PLAY."
10/1/2023,4,Panthers,2,2:49,3rd,16,OWN,25,0,"(2:49) (SHOTGUN) PENALTY ON CAR, DELAY OF GAME, 5 YARDS, ENFORCED AT CAR 25 - NO PLAY."
10/1/2023,4,Panthers,2,2:28,3rd,21,OWN,20,10,(2:28) (SHOTGUN) 9-B.YOUNG PASS SHORT RIGHT TO 17-D.CHARK TO CAR 30 FOR 10 YARDS (24-C.BYNUM).
10/1/2023,4,Panthers,2,0:02,3rd,7,OPP,38,0,"(:02) 4-E.PINEIRO 56 YARD FIELD GOAL IS GOOD, CENTER-44-J.JANSEN, HOLDER-10-J.HEKKER."
10/1/2023,4,Panthers,1,5:58,3rd,2,OPP,48,1,"(5:58) (NO HUDDLE, SHOTGUN) 6-M.SERS LEFT GUARD TO MIN 47 FOR 1 YARD (98-D.WONNUM)."
10/1/2023,4,Panthers,1,1:36,3rd,6,OPP,6,0,"(1:36) (SHOTGUN) 9-B.YOUNG PASS INCOMPLETE SHORT MIDDLE TO 17-D.CHARK (44-J.METELLUS). PENALTY ON MIN-7-B.MURPHY, DEFENSIVE HOLDING, 3 YARDS, ENFORCED AT MIN 6 - NO PLAY."
10/1/2023,4,Panthers,1,0:15,3rd,3,OPP,3,0,"(:15) (SHOTGUN) PENALTY ON CAR-88-T.MARSHALL, FALSE START, 5 YARDS, ENFORCED AT MIN 3 - NO PLAY."
10/8/2023,5,Panthers,4,2:26,3rd,5,OPP,9,0,"(2:26) (SHOTGUN) 9-B.YOUNG PASS INCOMPLETE SHORT RIGHT. PENALTY ON DET-34-A.ANZALONE, ROUGHING THE PASSER, 5 YARDS, ENFORCED AT DET 9 - NO PLAY. BALL THROWN AWAY"
10/8/2023,5,Panthers,4,2:12,3rd,4,OPP,4,0,"(2:12) (SHOTGUN) PENALTY ON CAR, DELAY OF GAME, 5 YARDS, ENFORCED AT DET 4 - NO PLAY."
10/8/2023,5,Panthers,4,2:12,3rd,9,OPP,9,8,"(2:12) (SHOTGUN) 9-B.YOUNG PASS SHORT LEFT TO 19-A.THIELEN TO DET 1 FOR 8 YARDS (23-J.JACOBS, 25-W.HARRIS)."
10/8/2023,5,Panthers,3,6:43,3rd,12,OWN,31,-4,"(6:43) (SHOTGUN) 9-B.YOUNG SACKED AT CAR 27 FOR -4 YARDS (97-A.HUTCHINSON). PENALTY ON CAR-79-I.EKWONU, OFFENSIVE HOLDING, DECLINED."
10/8/2023,5,Panthers,3,4:41,3rd,19,OWN,7,0,(4:41) (SHOTGUN) 9-B.YOUNG PASS INCOMPLETE SHORT RIGHT TO 6-M.SERS.
10/8/2023,5,Panthers,2,15:00,3rd,1,OPP,20,1,(15:00) 14-A.DALTON UP THE MIDDLE TO DET 19 FOR 1 YARD (79-J.COMINSKY; 94-B.JONES).
10/8/2023,5,Panthers,2,12:52,3rd,1,OPP,1,1,"(12:52) (SHOTGUN) 9-B.YOUNG PASS SHORT MIDDLE TO 82-T.TREMBLE FOR 1 YARD, TOUCHDOWN."
10/8/2023,5,Panthers,2,0:32,3rd,6,OPP,20,0,"(:32) (SHOTGUN) 9-B.YOUNG PASS INCOMPLETE DEEP LEFT TO 82-T.TREMBLE (34-A.ANZALONE). PENALTY ON DET-23-J.JACOBS, DEFENSIVE HOLDING, 5 YARDS, ENFORCED AT DET 20 - NO PLAY."
10/8/2023,5,Panthers,2,0:17,3rd,10,OPP,15,0,(:17) (SHOTGUN) 9-B.YOUNG PASS INCOMPLETE SHORT RIGHT TO 17-D.CHARK [34-A.ANZALONE].
10/8/2023,5,Panthers,1,13:10,3rd,12,OWN,37,18,"(13:10) (SHOTGUN) 9-B.YOUNG PASS DEEP RIGHT TO 17-D.CHARK TO DET 45 FOR 18 YARDS (34-A.ANZALONE). DETROIT CHALLENGED THE PASS COMPLETION RULING,  THE PLAY WAS UPHELD. THE RULING ON THE FIELD STS. (TIMEOUT #1.)"
10/8/2023,5,Panthers,1,11:16,3rd,4,OPP,39,0,(11:16) (SHOTGUN) 9-B.YOUNG PASS INCOMPLETE SHORT LEFT [25-W.HARRIS]. BALL THROWN AWAY
10/8/2023,5,Panthers,1,8:49,3rd,8,OWN,19,9,(8:49) (SHOTGUN) 9-B.YOUNG PASS SHORT LEFT TO 19-A.THIELEN TO CAR 28 FOR 9 YARDS (31-K.JOSEPH).
10/8/2023,5,Panthers,1,3:56,3rd,4,OWN,31,8,(3:56) (SHOTGUN) 9-B.YOUNG PASS SHORT LEFT TO 19-A.THIELEN TO CAR 39 FOR 8 YARDS (55-D.BARNES).
10/15/2023,6,Panthers,4,10:30,3rd,18,OWN,28,-11,(10:30) (SHOTGUN) 9-B.YOUNG SACKED AT CAR 17 FOR -11 YARDS (92-Z.SIELER). MIA-92-Z.SIELER WAS INJURED DURING THE PLAY. HIS RETURN IS PROBABLE.
10/15/2023,6,Panthers,4,5:03,3rd,10,OWN,40,0,(5:03) (SHOTGUN) 9-B.YOUNG PASS INCOMPLETE SHORT LEFT TO 88-T.MARSHALL.
10/15/2023,6,Panthers,4,2:00,3rd,4,OWN,31,0,(2:00) (SHOTGUN) 9-B.YOUNG PASS INCOMPLETE SHORT LEFT TO 17-D.CHARK (33-E.APPLE).
10/15/2023,6,Panthers,3,13:50,3rd,1,OWN,39,2,"(13:50) (NO HUDDLE, SHOTGUN) 30-C.HUBBARD UP THE MIDDLE TO CAR 41 FOR 2 YARDS (2-B.CHUBB)."
10/15/2023,6,Panthers,3,12:18,3rd,6,OWN,45,-9,(12:18) (SHOTGUN) 9-B.YOUNG SACKED AT CAR 36 FOR -9 YARDS (94-C.WILKINS).
10/15/2023,6,Panthers,3,5:33,3rd,2,OWN,33,24,"(5:33) (NO HUDDLE, SHOTGUN) 9-B.YOUNG PASS DEEP RIGHT TO 17-D.CHARK TO MIA 43 FOR 24 YARDS (33-E.APPLE)."
10/15/2023,6,Panthers,3,4:02,3rd,1,OPP,34,2,"(4:02) (NO HUDDLE, SHOTGUN) 30-C.HUBBARD UP THE MIDDLE TO MIA 32 FOR 2 YARDS (51-D.LONG; 15-J.PHILLIPS)."
10/15/2023,6,Panthers,3,2:35,3rd,2,OPP,24,0,"(2:35) (NO HUDDLE, SHOTGUN) 9-B.YOUNG PASS INCOMPLETE SHORT LEFT TO 17-D.CHARK."
10/15/2023,6,Panthers,2,8:32,3rd,8,OWN,49,0,(8:32) (SHOTGUN) 9-B.YOUNG PASS INCOMPLETE DEEP LEFT TO 17-D.CHARK.
10/15/2023,6,Panthers,2,5:47,3rd,7,OWN,28,1,(5:47) (SHOTGUN) 9-B.YOUNG PASS SHORT LEFT TO 17-D.CHARK TO CAR 29 FOR 1 YARD (25-X.HOWARD).
10/15/2023,6,Panthers,2,1:39,3rd,10,OWN,35,16,(1:39) (SHOTGUN) 9-B.YOUNG PASS SHORT RIGHT TO 19-A.THIELEN TO MIA 49 FOR 16 YARDS (34-P.NICKERSON).
10/15/2023,6,Panthers,2,0:29,3rd,3,OPP,26,1,(:29) (SHOTGUN) 9-B.YOUNG PASS SHORT LEFT TO 17-D.CHARK TO MIA 25 FOR 1 YARD (2-B.CHUBB).
10/15/2023,6,Panthers,1,13:50,3rd,12,OWN,23,8,(13:50) (SHOTGUN) 9-B.YOUNG PASS SHORT RIGHT TO 5-L.SHENAULT TO CAR 31 FOR 8 YARDS (4-K.KOHOU).
10/15/2023,6,Panthers,1,9:03,3rd,6,OPP,33,7,"(9:03) (SHOTGUN) 9-B.YOUNG PASS SHORT LEFT TO 19-A.THIELEN PUSHED OB AT MIA 26 FOR 7 YARDS (8-J.HOLL, 33-E.APPLE)."
10/15/2023,6,Panthers,1,0:38,3rd,3,OPP,13,0,"(:38) (NO HUDDLE, SHOTGUN) PENALTY ON MIA, DEFENSIVE TOO MANY MEN ON FIELD, 5 YARDS, ENFORCED AT MIA 13 - NO PLAY."
10/29/2023,7,Panthers,4,14:23,3rd,8,OPP,45,-12,(14:23) (SHOTGUN) 9-B.YOUNG SACKED AT CAR 43 FOR -12 YARDS (52-J.GREENARD).
10/29/2023,7,Panthers,4,9:24,3rd,13,OWN,18,-9,(9:24) (SHOTGUN) 9-B.YOUNG SACKED AT CAR 9 FOR -9 YARDS (96-M.COLLINS).
10/29/2023,7,Panthers,4,4:06,3rd,12,OWN,43,10,(4:06) (SHOTGUN) 9-B.YOUNG PASS SHORT RIGHT TO 19-A.THIELEN TO HOU 47 FOR 10 YARDS (52-J.GREENARD).
10/29/2023,7,Panthers,4,1:50,3rd,2,OPP,22,3,(1:50) (SHOTGUN) 30-C.HUBBARD UP THE MIDDLE TO HOU 19 FOR 3 YARDS (5-J.PITRE).
10/29/2023,7,Panthers,4,0:22,3rd,9,OPP,18,-2,(:22) 9-B.YOUNG RIGHT END TO HOU 20 FOR -2 YARDS (5-J.PITRE).
10/29/2023,7,Panthers,3,14:12,3rd,2,OWN,31,3,(14:12) (SHOTGUN) 9-B.YOUNG SCRAMBLES RIGHT END TO CAR 34 FOR 3 YARDS (93-K.HINISH).
10/29/2023,7,Panthers,3,11:35,3rd,10,OPP,30,2,(11:35) (SHOTGUN) 9-B.YOUNG PASS SHORT LEFT TO 19-A.THIELEN TO HOU 28 FOR 2 YARDS (4-T.THOMAS; 39-H.TO'OTO'O).
10/29/2023,7,Panthers,3,8:46,3rd,1,OPP,18,-1,(8:46) (SHOTGUN) 3-R.BLACKSHEAR UP THE MIDDLE TO HOU 19 FOR -1 YARDS (6-D.PERRYMAN).
10/29/2023,7,Panthers,2,11:30,3rd,1,OPP,41,3,(11:30) (SHOTGUN) 30-C.HUBBARD UP THE MIDDLE TO HOU 38 FOR 3 YARDS (6-D.PERRYMAN).
10/29/2023,7,Panthers,2,8:31,3rd,1,OPP,1,-1,"(8:31) (SHOTGUN) 30-C.HUBBARD RIGHT GUARD TO HOU 2 FOR -1 YARDS (96-M.COLLINS, 52-J.GREENARD)."
10/29/2023,7,Panthers,2,4:40,3rd,10,OWN,40,-10,"(4:40) (SHOTGUN) 9-B.YOUNG SACKED AT CAR 30 FOR -10 YARDS (SACK SPLIT BY 51-W.ERSON  5-J.PITRE). PENALTY ON HOU-20-K.HOLLMAN, DEFENSIVE HOLDING, 5 YARDS, ENFORCED AT CAR 40 - NO PLAY."
10/29/2023,7,Panthers,2,1:39,3rd,1,OPP,1,1,"(1:39) (SHOTGUN) 9-B.YOUNG PASS SHORT RIGHT TO 82-T.TREMBLE FOR 1 YARD, TOUCHDOWN."
10/29/2023,7,Panthers,2,0:24,3rd,1,OWN,28,3,"(:24) (NO HUDDLE, SHOTGUN) 9-B.YOUNG PASS SHORT RIGHT TO 82-T.TREMBLE RAN OB AT CAR 31 FOR 3 YARDS (0-S.GRIFFIN)."
10/29/2023,7,Panthers,1,12:37,3rd,19,OWN,1,5,(12:37) (SHOTGUN) 9-B.YOUNG PASS SHORT LEFT TO 15-J.MINGO TO CAR 6 FOR 5 YARDS (4-T.THOMAS).
10/29/2023,7,Panthers,1,7:50,3rd,8,OWN,29,0,(7:50) (SHOTGUN) 9-B.YOUNG PASS INCOMPLETE SHORT LEFT TO 15-J.MINGO.
11/5/2023,8,Panthers,4,15:00,3rd,11,OWN,16,48,(15:00) (SHOTGUN) 9-B.YOUNG PASS DEEP RIGHT TO 81-H.HURST PUSHED OB AT IND 36 FOR 48 YARDS (25-R.THOMAS).
11/5/2023,8,Panthers,4,15:00,3rd,6,OWN,21,0,"(15:00) (SHOTGUN) PENALTY ON CAR-19-A.THIELEN, FALSE START, 5 YARDS, ENFORCED AT CAR 21 - NO PLAY."
11/5/2023,8,Panthers,4,12:27,3rd,3,OWN,32,6,(12:27) (SHOTGUN) 9-B.YOUNG SCRAMBLES UP THE MIDDLE TO CAR 38 FOR 6 YARDS (23-K.MOORE).
11/5/2023,8,Panthers,4,11:07,3rd,9,OWN,39,4,(11:07) (SHOTGUN) 9-B.YOUNG PASS SHORT LEFT TO 30-C.HUBBARD PUSHED OB AT CAR 43 FOR 4 YARDS (40-J.JONES).
11/5/2023,8,Panthers,4,9:28,3rd,1,OPP,35,1,"(9:28) (SHOTGUN) 30-C.HUBBARD UP THE MIDDLE TO IND 34 FOR 1 YARD (99-D.BUCKNER, 52-S.EBUKAM)."
11/5/2023,8,Panthers,4,8:48,3rd,10,OPP,34,3,(8:48) (SHOTGUN) 9-B.YOUNG PASS SHORT LEFT TO 84-S.SULLIVAN PUSHED OB AT IND 31 FOR 3 YARDS (40-J.JONES).
11/5/2023,8,Panthers,4,2:30,3rd,9,OWN,26,-9,"(2:30) (NO HUDDLE, SHOTGUN) 9-B.YOUNG SACKED AT CAR 17 FOR -9 YARDS (95-A.ADEBAWORE)."
11/5/2023,8,Panthers,3,10:08,3rd,3,OWN,40,8,(10:08) (SHOTGUN) 9-B.YOUNG PASS SHORT LEFT TO 6-M.SERS PUSHED OB AT CAR 48 FOR 8 YARDS (45-E.SPEED).
11/5/2023,8,Panthers,3,6:41,3rd,2,OPP,22,1,"(6:41) (NO HUDDLE, SHOTGUN) 30-C.HUBBARD UP THE MIDDLE TO IND 21 FOR 1 YARD (32-J.BLACKMON, 50-S.OLUBI)."
11/5/2023,8,Panthers,3,4:41,3rd,5,OPP,5,5,"(4:41) (SHOTGUN) 9-B.YOUNG PASS SHORT LEFT TO 17-D.CHARK FOR 5 YARDS, TOUCHDOWN."
11/5/2023,8,Panthers,3,0:02,3rd,1,OWN,26,0,"(:02) PENALTY ON CAR-72-T.MOTON, FALSE START, 5 YARDS, ENFORCED AT CAR 26 - NO PLAY."
11/5/2023,8,Panthers,2,13:07,3rd,20,OWN,15,6,(13:07) (SHOTGUN) 9-B.YOUNG PASS SHORT RIGHT TO 81-H.HURST TO CAR 21 FOR 6 YARDS (23-K.MOORE) [99-D.BUCKNER].
11/5/2023,8,Panthers,2,5:40,3rd,5,OPP,26,6,(5:40) (SHOTGUN) 9-B.YOUNG SCRAMBLES UP THE MIDDLE TO IND 20 FOR 6 YARDS (99-D.BUCKNER).
11/5/2023,8,Panthers,2,4:16,3rd,10,OPP,20,3,(4:16) (SHOTGUN) 9-B.YOUNG PASS SHORT RIGHT TO 19-A.THIELEN TO IND 17 FOR 3 YARDS (32-J.BLACKMON).
11/5/2023,8,Panthers,2,0:35,3rd,1,OWN,46,3,(:35) (SHOTGUN) 30-C.HUBBARD UP THE MIDDLE TO CAR 49 FOR 3 YARDS (23-K.MOORE).
11/5/2023,8,Panthers,1,14:03,3rd,1,OWN,34,0,"(14:03) (NO HUDDLE, SHOTGUN) PENALTY ON CAR-56-B.BOZEMAN, FALSE START, 4 YARDS, ENFORCED AT CAR 34 - NO PLAY."
11/5/2023,8,Panthers,1,13:50,3rd,5,OWN,30,4,(13:50) (SHOTGUN) 9-B.YOUNG SCRAMBLES UP THE MIDDLE TO CAR 34 FOR 4 YARDS (23-K.MOORE).
11/5/2023,8,Panthers,1,9:00,3rd,9,OWN,11,0,"(9:00) (SHOTGUN) 9-B.YOUNG PASS SHORT LEFT TO 30-C.HUBBARD TO CAR 11 FOR NO GAIN (45-E.SPEED). FUMBLES (45-E.SPEED), BALL OUT OF BOUNDS AT CAR 11."
11/5/2023,8,Panthers,1,7:05,3rd,10,OPP,41,-10,(7:05) (SHOTGUN) 9-B.YOUNG SACKED AT CAR 49 FOR -10 YARDS (99-D.BUCKNER).
11/9/2023,9,Panthers,4,14:11,3rd,17,OPP,47,0,"(14:11) (SHOTGUN) PENALTY ON CHI-95-D.WALKER, NEUTRAL ZONE INFRACTION, 5 YARDS, ENFORCED AT CHI 47 - NO PLAY."
11/9/2023,9,Panthers,4,13:52,3rd,12,OPP,42,6,"(13:52) (SHOTGUN) 9-B.YOUNG PASS SHORT RIGHT TO 30-C.HUBBARD TO CHI 36 FOR 6 YARDS (93-JU.JONES, 53-T.EDWARDS)."
11/9/2023,9,Panthers,4,11:14,3rd,5,OPP,20,0,(11:14) (SHOTGUN) 9-B.YOUNG PASS INCOMPLETE SHORT MIDDLE TO 88-T.MARSHALL (6-K.GORDON).
11/9/2023,9,Panthers,4,6:02,3rd,1,OWN,18,0,(6:02) (SHOTGUN) 30-C.HUBBARD LEFT GUARD TO CAR 18 FOR NO GAIN (9-J.BRISKER; 97-A.BILLINGS).
11/9/2023,9,Panthers,4,4:06,3rd,3,OWN,27,11,(4:06) (SHOTGUN) 9-B.YOUNG PASS SHORT MIDDLE TO 19-A.THIELEN TO CAR 38 FOR 11 YARDS (53-T.EDWARDS).
11/9/2023,9,Panthers,4,2:14,3rd,9,OWN,39,7,"(2:14) (SHOTGUN) 9-B.YOUNG PASS SHORT MIDDLE TO 81-H.HURST TO CAR 46 FOR 7 YARDS (57-J.SANBORN, 6-K.GORDON) [99-G.DEXTER]."
11/9/2023,9,Panthers,4,1:44,3rd,10,OPP,41,0,(1:44) (SHOTGUN) 9-B.YOUNG PASS INCOMPLETE SHORT MIDDLE TO 19-A.THIELEN (57-J.SANBORN).
11/9/2023,9,Panthers,3,14:10,3rd,9,OWN,26,0,(14:10) (SHOTGUN) 9-B.YOUNG PASS INCOMPLETE DEEP LEFT TO 86-M.STRACHAN (29-T.STEVENSON).
11/9/2023,9,Panthers,3,11:11,3rd,10,OWN,9,-5,(11:11) (SHOTGUN) 9-B.YOUNG SACKED AT CAR 4 FOR -5 YARDS (91-Y.NGAKOUE).
11/9/2023,9,Panthers,3,5:19,3rd,15,OWN,45,10,(5:19) (SHOTGUN) 9-B.YOUNG PASS SHORT LEFT TO 15-J.MINGO TO CHI 45 FOR 10 YARDS (4-E.JACKSON).
11/9/2023,9,Panthers,2,13:41,3rd,11,OPP,15,0,(13:41) (SHOTGUN) 9-B.YOUNG PASS INCOMPLETE SHORT LEFT TO 15-J.MINGO.
11/9/2023,9,Panthers,2,9:10,3rd,10,OWN,9,-6,(9:10) (SHOTGUN) 9-B.YOUNG SACKED AT CAR 3 FOR -6 YARDS (93-JU.JONES).
11/9/2023,9,Panthers,2,2:00,3rd,3,OWN,34,0,"(2:00) (SHOTGUN) 9-B.YOUNG PASS INCOMPLETE SHORT LEFT. PENALTY ON CHI-6-K.GORDON, ILLEGAL CONTACT, 5 YARDS, ENFORCED AT CAR 34 - NO PLAY."
11/9/2023,9,Panthers,2,1:22,3rd,1,OWN,48,0,(1:22) (SHOTGUN) 9-B.YOUNG PASS INCOMPLETE SHORT RIGHT TO 15-J.MINGO.
11/9/2023,9,Panthers,1,12:39,3rd,7,OWN,23,8,"(12:39) (SHOTGUN) 9-B.YOUNG SCRAMBLES LEFT TACKLE TO CAR 31 FOR 8 YARDS (53-T.EDWARDS; 57-J.SANBORN). PENALTY ON CHI-33-J.JOHNSON, ILLEGAL CONTACT, 5 YARDS, ENFORCED AT CAR 31."
11/9/2023,9,Panthers,1,10:52,3rd,5,OWN,41,8,(10:52) (SHOTGUN) 9-B.YOUNG SCRAMBLES RIGHT TACKLE TO CAR 49 FOR 8 YARDS (99-G.DEXTER).
11/9/2023,9,Panthers,1,9:22,3rd,7,OPP,48,0,(9:22) (SHOTGUN) 9-B.YOUNG PASS INCOMPLETE SHORT LEFT.
11/19/2023,10,Panthers,4,13:14,3rd,8,OWN,27,14,(13:14) (SHOTGUN) 9-B.YOUNG PASS SHORT RIGHT TO 19-A.THIELEN TO CAR 41 FOR 14 YARDS (26-D.BL).
11/19/2023,10,Panthers,4,11:29,3rd,24,OWN,27,-2,"(11:29) (SHOTGUN) 9-B.YOUNG SACKED AT CAR 25 FOR -2 YARDS. FUMBLES, TOUCHED AT CAR 27, RECOVERED BY DAL-6-D.WILSON AT CAR 27."
11/19/2023,10,Panthers,4,5:57,3rd,15,OWN,23,0,(5:57) (SHOTGUN) 9-B.YOUNG PASS INCOMPLETE SHORT RIGHT TO 19-A.THIELEN.
11/19/2023,10,Panthers,3,14:12,3rd,13,OWN,22,6,(14:12) (SHOTGUN) 9-B.YOUNG PASS SHORT RIGHT TO 30-C.HUBBARD TO CAR 28 FOR 6 YARDS (14-M.BELL; 21-S.GILMORE).
11/19/2023,10,Panthers,3,8:50,3rd,2,OWN,49,0,"(8:50) (SHOTGUN) PENALTY ON CAR-62-C.ZAVALA, FALSE START, 5 YARDS, ENFORCED AT CAR 49 - NO PLAY."
11/19/2023,10,Panthers,3,8:26,3rd,7,OWN,44,0,(8:26) (SHOTGUN) 9-B.YOUNG PASS INCOMPLETE DEEP RIGHT TO 15-J.MINGO [54-S.WILLIAMS].
11/19/2023,10,Panthers,3,6:06,3rd,3,OPP,28,0,(6:06) (SHOTGUN) 9-B.YOUNG PASS INCOMPLETE SHORT LEFT TO 82-T.TREMBLE.
11/19/2023,10,Panthers,3,4:34,3rd,10,OPP,25,9,(4:34) (SHOTGUN) 9-B.YOUNG PASS SHORT MIDDLE TO 19-A.THIELEN TO DAL 16 FOR 9 YARDS (30-J.THOMAS).
11/19/2023,10,Panthers,3,2:04,3rd,1,OPP,4,4,"(2:04) (SHOTGUN) 9-B.YOUNG PASS SHORT LEFT TO 82-T.TREMBLE FOR 4 YARDS, TOUCHDOWN."
11/19/2023,10,Panthers,2,10:32,3rd,12,OWN,23,0,"(10:32) (SHOTGUN) PENALTY ON CAR-63-A.CORBETT, FALSE START, 5 YARDS, ENFORCED AT CAR 23 - NO PLAY."
11/19/2023,10,Panthers,2,10:32,3rd,17,OWN,18,5,(10:32) (SHOTGUN) 9-B.YOUNG PASS SHORT MIDDLE TO 5-L.SHENAULT TO CAR 23 FOR 5 YARDS (33-D.CLARK).
11/19/2023,10,Panthers,2,4:14,3rd,6,OPP,47,20,(4:14) (SHOTGUN) 9-B.YOUNG PASS DEEP LEFT TO 84-S.SULLIVAN PUSHED OB AT DAL 27 FOR 20 YARDS (1-J.KEARSE).
11/19/2023,10,Panthers,2,2:18,3rd,14,OPP,17,-7,(2:18) (SHOTGUN) 9-B.YOUNG SACKED AT DAL 24 FOR -7 YARDS (90-D.LAWRENCE).
11/19/2023,10,Panthers,1,12:17,3rd,3,OWN,20,5,(12:17) (SHOTGUN) 9-B.YOUNG PASS SHORT MIDDLE TO 19-A.THIELEN TO CAR 25 FOR 5 YARDS (26-D.BL).
11/19/2023,10,Panthers,1,10:37,3rd,3,OWN,45,14,"(10:37) (NO HUDDLE, SHOTGUN) 9-B.YOUNG PASS SHORT LEFT TO 19-A.THIELEN PUSHED OB AT DAL 41 FOR 14 YARDS (2-J.LEWIS)."
11/19/2023,10,Panthers,1,9:05,3rd,6,OPP,37,-9,(9:05) (SHOTGUN) 9-B.YOUNG SACKED AT DAL 46 FOR -9 YARDS (11-M.PARSONS).
11/19/2023,10,Panthers,1,1:37,3rd,7,OWN,48,-9,(1:37) (SHOTGUN) 9-B.YOUNG SACKED AT CAR 39 FOR -9 YARDS (11-M.PARSONS). CAR-63-A.CORBETT WAS INJURED DURING THE PLAY.
11/26/2023,11,Panthers,4,11:45,3rd,16,OWN,26,0,(11:45) (SHOTGUN) 9-B.YOUNG PASS INCOMPLETE SHORT MIDDLE TO 19-A.THIELEN.
11/26/2023,11,Panthers,4,8:50,3rd,4,OWN,15,24,(8:50) (SHOTGUN) 9-B.YOUNG PASS DEEP LEFT TO 15-J.MINGO PUSHED OB AT CAR 39 FOR 24 YARDS (37-A.HOOKER).
11/26/2023,11,Panthers,4,6:09,3rd,14,OWN,48,0,(6:09) (SHOTGUN) 9-B.YOUNG PASS INCOMPLETE DEEP LEFT [49-A.KEY].
11/26/2023,11,Panthers,4,2:21,3rd,15,OWN,15,9,"(2:21) (SHOTGUN) 9-B.YOUNG PASS SHORT MIDDLE TO 30-C.HUBBARD TO CAR 24 FOR 9 YARDS (2-A.AL-SHAAIR, 21-R.MCCREARY)."
11/26/2023,11,Panthers,3,13:31,3rd,8,OWN,35,0,"(13:31) (SHOTGUN) 9-B.YOUNG PASS INCOMPLETE SHORT LEFT TO 17-D.CHARK [49-A.KEY]. PENALTY ON TEN-0-S.MURPHY-BUNTING, DEFENSIVE HOLDING, 5 YARDS, ENFORCED AT CAR 35 - NO PLAY."
11/26/2023,11,Panthers,3,12:08,3rd,4,OWN,46,6,(12:08) (SHOTGUN) 9-B.YOUNG SCRAMBLES RIGHT END RAN OB AT TEN 48 FOR 6 YARDS (24-E.MOLDEN).
11/26/2023,11,Panthers,3,8:51,3rd,1,OPP,4,-1,(8:51) (SHOTGUN) 30-C.HUBBARD UP THE MIDDLE TO TEN 5 FOR -1 YARDS (93-T.TART).
11/26/2023,11,Panthers,3,3:06,3rd,10,OWN,26,10,(3:06) (SHOTGUN) 9-B.YOUNG PASS SHORT MIDDLE TO 30-C.HUBBARD TO CAR 36 FOR 10 YARDS (37-A.HOOKER; 35-K.WALLACE).
11/26/2023,11,Panthers,3,1:10,3rd,10,OPP,49,-9,(1:10) (SHOTGUN) 9-B.YOUNG SACKED AT CAR 42 FOR -9 YARDS (96-D.AUTRY).
11/26/2023,11,Panthers,2,13:41,3rd,5,OWN,40,0,"(13:41) (SHOTGUN) 9-B.YOUNG PASS INCOMPLETE SHORT RIGHT. PENALTY ON TEN-26-K.FULTON, DEFENSIVE HOLDING, 5 YARDS, ENFORCED AT CAR 40 - NO PLAY."
11/26/2023,11,Panthers,2,12:44,3rd,10,OWN,45,11,(12:44) (SHOTGUN) 9-B.YOUNG SCRAMBLES LEFT GUARD TO TEN 44 FOR 11 YARDS (37-A.HOOKER).
11/26/2023,11,Panthers,2,10:56,3rd,5,OPP,39,2,(10:56) (SHOTGUN) 30-C.HUBBARD UP THE MIDDLE TO TEN 37 FOR 2 YARDS (98-J.SIMMONS).
11/26/2023,11,Panthers,2,8:59,3rd,18,OPP,32,0,(8:59) (SHOTGUN) 9-B.YOUNG PASS INCOMPLETE SHORT LEFT TO 6-M.SERS.
11/26/2023,11,Panthers,2,5:13,3rd,2,OWN,12,3,"(5:13) (SHOTGUN) 6-M.SERS RIGHT GUARD TO CAR 15 FOR 3 YARDS (2-A.AL-SHAAIR, 0-S.MURPHY-BUNTING)."
11/26/2023,11,Panthers,2,4:23,3rd,10,OWN,15,15,(4:23) (SHOTGUN) 9-B.YOUNG PASS SHORT MIDDLE TO 17-D.CHARK TO CAR 30 FOR 15 YARDS (26-K.FULTON).
11/26/2023,11,Panthers,2,1:58,3rd,4,OWN,26,0,(1:58) (SHOTGUN) 9-B.YOUNG PASS INCOMPLETE SHORT LEFT.
11/26/2023,11,Panthers,2,0:38,3rd,2,OWN,18,0,(:38) (SHOTGUN) 9-B.YOUNG PASS INCOMPLETE SHORT MIDDLE TO 17-D.CHARK (21-R.MCCREARY).
11/26/2023,11,Panthers,1,11:13,3rd,1,OPP,49,-8,(11:13) 6-M.SERS RIGHT END TO CAR 43 FOR -8 YARDS (96-D.AUTRY).
12/3/2023,12,Panthers,4,8:53,3rd,3,OWN,43,12,"(8:53) (SHOTGUN) 9-B.YOUNG PASS SHORT LEFT TO 15-J.MINGO TO TB 45 FOR 12 YARDS (29-C.IZIEN). FUMBLES (29-C.IZIEN), TOUCHED AT TB 42, RECOVERED BY CAR-6-M.SERS AT TB 42."
12/3/2023,12,Panthers,4,6:38,3rd,6,OPP,38,0,(6:38) (SHOTGUN) 9-B.YOUNG PASS INCOMPLETE SHORT RIGHT TO 15-J.MINGO.
12/3/2023,12,Panthers,4,2:27,3rd,1,OWN,40,0,(2:27) 9-B.YOUNG PASS INCOMPLETE SHORT RIGHT.
12/3/2023,12,Panthers,3,13:39,3rd,11,OWN,24,0,(13:39) (SHOTGUN) 9-B.YOUNG PASS INCOMPLETE SHORT RIGHT TO 84-S.SULLIVAN.
12/3/2023,12,Panthers,3,11:00,3rd,2,OWN,28,-9,(11:00) (SHOTGUN) 9-B.YOUNG SACKED AT CAR 19 FOR -9 YARDS (31-A.WINFIELD).
12/3/2023,12,Panthers,3,8:01,3rd,9,OWN,36,16,(8:01) (SHOTGUN) 9-B.YOUNG PASS SHORT LEFT TO 84-S.SULLIVAN TO TB 48 FOR 16 YARDS (30-D.DELANEY).
12/3/2023,12,Panthers,3,4:49,3rd,10,OWN,25,0,(4:49) (SHOTGUN) 9-B.YOUNG PASS INCOMPLETE DEEP MIDDLE TO 17-D.CHARK (31-A.WINFIELD).
12/3/2023,12,Panthers,3,1:28,3rd,10,OWN,34,-9,(1:28) (SHOTGUN) 9-B.YOUNG SACKED AT CAR 25 FOR -9 YARDS (51-J.RUSSELL).
12/3/2023,12,Panthers,2,14:14,3rd,1,OPP,2,-3,(14:14) (SHOTGUN) 30-C.HUBBARD RIGHT END TO TB 5 FOR -3 YARDS (23-R.NEAL).
12/3/2023,12,Panthers,2,10:58,3rd,1,OWN,36,-2,"(10:58) (SHOTGUN) 6-M.SERS LEFT END TO CAR 34 FOR -2 YARDS (31-A.WINFIELD, 0-Y.DIABY)."
12/3/2023,12,Panthers,2,6:44,3rd,19,OWN,45,9,(6:44) (SHOTGUN) 9-B.YOUNG PASS SHORT RIGHT TO 15-J.MINGO TO TB 46 FOR 9 YARDS (9-J.TRYON; 31-A.WINFIELD).
12/3/2023,12,Panthers,2,2:00,3rd,22,OWN,28,6,(2:00) (SHOTGUN) 3-R.BLACKSHEAR RIGHT END TO CAR 34 FOR 6 YARDS (24-C.DAVIS).
12/3/2023,12,Panthers,2,0:19,3rd,6,OPP,41,9,"(:19) (SHOTGUN) 9-B.YOUNG SCRAMBLES LEFT TACKLE TO TB 32 FOR 9 YARDS (30-D.DELANEY). PENALTY ON CAR-67-J.MCCRAY, OFFENSIVE HOLDING, 10 YARDS, ENFORCED AT TB 41 - NO PLAY."
12/3/2023,12,Panthers,2,0:11,3rd,16,OWN,49,0,(:11) (SHOTGUN) 9-B.YOUNG PASS INCOMPLETE DEEP RIGHT TO 19-A.THIELEN (31-A.WINFIELD).
12/3/2023,12,Panthers,1,9:51,3rd,10,OWN,15,0,"(9:51) (SHOTGUN) 9-B.YOUNG PASS INCOMPLETE DEEP LEFT TO 15-J.MINGO. CAROLINA CHALLENGED THE INCOMPLETE PASS RULING,  THE PLAY WAS UPHELD. THE RULING ON THE FIELD STS. (TIMEOUT #1.)"
12/3/2023,12,Panthers,1,4:14,3rd,4,OWN,31,6,(4:14) (SHOTGUN) 9-B.YOUNG PASS SHORT RIGHT TO 19-A.THIELEN RAN OB AT CAR 37 FOR 6 YARDS (29-C.IZIEN). TB-52-K.BRITT WAS INJURED DURING THE PLAY.
12/10/2023,13,Panthers,4,14:18,3rd,8,OPP,17,-6,(14:18) (SHOTGUN) 9-B.YOUNG SACKED AT NO 23 FOR -6 YARDS (96-C.GRERSON).
12/10/2023,13,Panthers,4,10:29,3rd,1,OPP,46,1,(10:29) 6-M.SERS LEFT END RAN OB AT NO 45 FOR 1 YARD (56-D.DAVIS).
12/10/2023,13,Panthers,4,8:58,3rd,4,OPP,39,3,(8:58) (SHOTGUN) 9-B.YOUNG PASS SHORT RIGHT TO 30-C.HUBBARD TO NO 36 FOR 3 YARDS (53-Z.BAUN).
12/10/2023,13,Panthers,4,5:42,3rd,10,OWN,24,0,(5:42) (SHOTGUN) 9-B.YOUNG PASS INCOMPLETE SHORT LEFT TO 11-I.SMITH-MARSETTE.
12/10/2023,13,Panthers,4,4:00,3rd,14,OWN,21,13,(4:00) (SHOTGUN) 9-B.YOUNG PASS SHORT RIGHT TO 15-J.MINGO TO CAR 34 FOR 13 YARDS (32-T.MATHIEU).
12/10/2023,13,Panthers,4,4:00,3rd,9,OWN,26,0,"(4:00) (SHOTGUN) PENALTY ON CAR-79-I.EKWONU, FALSE START, 5 YARDS, ENFORCED AT CAR 26 - NO PLAY."
12/10/2023,13,Panthers,4,2:56,3rd,1,OPP,46,14,(2:56) (SHOTGUN) 9-B.YOUNG PASS SHORT LEFT TO 19-A.THIELEN TO NO 32 FOR 14 YARDS (29-P.ADEBO) [90-B.BRESEE].
12/10/2023,13,Panthers,4,1:55,3rd,2,OPP,24,-11,(1:55) (SHOTGUN) 9-B.YOUNG SACKED AT NO 35 FOR -11 YARDS (SACK SPLIT BY 56-D.DAVIS  93-N.SHEPHERD).
12/10/2023,13,Panthers,3,13:45,3rd,2,OPP,42,1,(13:45) (SHOTGUN) 21-J.WILLIAMS RIGHT END TO NO 43 FOR 1 YARD (8-J.HORN).
12/10/2023,13,Panthers,3,10:01,3rd,8,OWN,16,8,(10:01) (SHOTGUN) 9-B.YOUNG SCRAMBLES RIGHT END TO CAR 24 FOR 8 YARDS (31-J.HOWDEN).
12/10/2023,13,Panthers,3,8:27,3rd,6,OWN,28,19,(8:27) (SHOTGUN) 9-B.YOUNG PASS DEEP RIGHT TO 19-A.THIELEN RAN OB AT CAR 47 FOR 19 YARDS.
12/10/2023,13,Panthers,3,5:05,3rd,11,OPP,11,0,(5:05) (SHOTGUN) 9-B.YOUNG PASS INCOMPLETE SHORT RIGHT.
12/10/2023,13,Panthers,2,12:26,3rd,1,OWN,45,2,(12:26) (SHOTGUN) 30-C.HUBBARD RIGHT GUARD TO CAR 47 FOR 2 YARDS (99-K.SAUNDERS; 93-N.SHEPHERD).
12/10/2023,13,Panthers,2,10:56,3rd,9,OWN,48,21,(10:56) (SHOTGUN) 9-B.YOUNG SCRAMBLES LEFT END RAN OB AT NO 31 FOR 21 YARDS (32-T.MATHIEU).
12/10/2023,13,Panthers,2,9:27,3rd,8,OPP,29,0,(9:27) (SHOTGUN) 9-B.YOUNG PASS INCOMPLETE DEEP MIDDLE TO 17-D.CHARK (27-I.YIADOM) [90-B.BRESEE].
12/10/2023,13,Panthers,2,4:48,3rd,2,OWN,26,0,(4:48) (SHOTGUN) 9-B.YOUNG PASS INCOMPLETE SHORT MIDDLE TO 15-J.MINGO (27-I.YIADOM).
12/10/2023,13,Panthers,2,2:34,3rd,1,OWN,33,13,"(2:34) (SHOTGUN) 30-C.HUBBARD RIGHT TACKLE TO CAR 46 FOR 13 YARDS (29-P.ADEBO, 56-D.DAVIS)."
12/10/2023,13,Panthers,2,1:18,3rd,8,OWN,48,6,(1:18) (SHOTGUN) 9-B.YOUNG PASS SHORT LEFT TO 30-C.HUBBARD TO NO 46 FOR 6 YARDS (31-J.HOWDEN).
12/10/2023,13,Panthers,2,0:06,3rd,10,OPP,45,0,(:06) (SHOTGUN) 9-B.YOUNG PASS INCOMPLETE SHORT LEFT TO 84-S.SULLIVAN.
12/10/2023,13,Panthers,1,14:16,3rd,7,OWN,18,0,(14:16) (SHOTGUN) 9-B.YOUNG PASS INCOMPLETE DEEP LEFT TO 84-S.SULLIVAN.
12/10/2023,13,Panthers,1,7:57,3rd,1,OWN,29,2,"(7:57) (NO HUDDLE, SHOTGUN) 30-C.HUBBARD RIGHT GUARD TO CAR 31 FOR 2 YARDS (94-C.JORDAN)."
12/10/2023,13,Panthers,1,3:24,3rd,3,OWN,19,0,(3:24) (SHOTGUN) 9-B.YOUNG PASS INCOMPLETE DEEP RIGHT TO 19-A.THIELEN (27-I.YIADOM).
12/17/2023,14,Panthers,4,13:39,3rd,4,OPP,7,0,(13:39) (SHOTGUN) 9-B.YOUNG PASS INCOMPLETE SHORT LEFT TO 19-A.THIELEN.
12/17/2023,14,Panthers,4,4:47,3rd,3,OWN,37,20,(4:47) (SHOTGUN) 9-B.YOUNG PASS DEEP RIGHT TO 15-J.MINGO TO ATL 43 FOR 20 YARDS (1-J.OKUDAH).
12/17/2023,14,Panthers,4,2:22,3rd,2,OPP,17,2,(2:22) 30-C.HUBBARD LEFT GUARD TO ATL 15 FOR 2 YARDS (94-A.HUGGINS; 93-C.CAMPBELL).
12/17/2023,14,Panthers,4,1:47,3rd,3,OPP,8,6,(1:47) (SHOTGUN) 30-C.HUBBARD UP THE MIDDLE TO ATL 2 FOR 6 YARDS (37-D.HELLAMS; 3-J.BATES).
12/17/2023,14,Panthers,4,0:22,3rd,4,OPP,4,0,(:22) 9-B.YOUNG KNEELS TO ATL 5 FOR -1 YARDS.
12/17/2023,14,Panthers,3,13:01,3rd,20,OPP,49,13,(13:01) (SHOTGUN) 9-B.YOUNG PASS SHORT RIGHT TO 82-T.TREMBLE TO ATL 36 FOR 13 YARDS (3-J.BATES).
12/17/2023,14,Panthers,3,4:29,3rd,15,OPP,0,0,"(4:29) (SHOTGUN) 9-B.YOUNG PASS INCOMPLETE DEEP LEFT TO 17-D.CHARK. PENALTY ON ATL-24-A.TERRELL, DEFENSIVE PASS INTERFERENCE, 10 YARDS, ENFORCED AT 50 - NO PLAY."
12/17/2023,14,Panthers,3,3:04,3rd,8,OPP,38,26,"(3:04) (SHOTGUN) 9-B.YOUNG PASS DEEP RIGHT TO 17-D.CHARK TO ATL 12 FOR 26 YARDS (55-K.ELLISS). PENALTY ON CAR-69-G.JACKSON, OFFENSIVE HOLDING, 10 YARDS, ENFORCED AT ATL 38 - NO PLAY."
12/17/2023,14,Panthers,3,2:27,3rd,18,OPP,48,0,(2:27) (SHOTGUN) 9-B.YOUNG PASS INCOMPLETE DEEP LEFT TO 15-J.MINGO.
12/17/2023,14,Panthers,2,11:28,3rd,5,OWN,36,0,"(11:28) (SHOTGUN) PENALTY ON CAR-68-C.MAYS, FALSE START, 5 YARDS, ENFORCED AT CAR 36 - NO PLAY."
12/17/2023,14,Panthers,2,11:12,3rd,10,OWN,31,-1,(11:12) (SHOTGUN) 9-B.YOUNG SACKED AT CAR 30 FOR -1 YARDS (93-C.CAMPBELL).
12/17/2023,14,Panthers,2,7:01,3rd,6,OWN,12,5,(7:01) (SHOTGUN) 9-B.YOUNG PASS SHORT LEFT TO 15-J.MINGO TO CAR 17 FOR 5 YARDS (37-D.HELLAMS).
12/17/2023,14,Panthers,2,2:48,3rd,7,OWN,43,14,(2:48) (SHOTGUN) 9-B.YOUNG PASS SHORT RIGHT TO 84-S.SULLIVAN TO ATL 43 FOR 14 YARDS (34-C.PHILLIPS) [94-A.HUGGINS].
12/17/2023,14,Panthers,2,1:15,3rd,3,OPP,36,10,(1:15) (SHOTGUN) 9-B.YOUNG PASS SHORT RIGHT TO 30-C.HUBBARD RAN OB AT ATL 26 FOR 10 YARDS.
12/17/2023,14,Panthers,2,0:34,3rd,9,OPP,9,-6,(:34) (SHOTGUN) 9-B.YOUNG SACKED AT ATL 15 FOR -6 YARDS (96-Z.HARRISON).
12/17/2023,14,Panthers,1,7:28,3rd,2,OPP,34,1,(7:28) (SHOTGUN) 30-C.HUBBARD UP THE MIDDLE TO ATL 33 FOR 1 YARD (0-L.CARTER).
12/17/2023,14,Panthers,1,4:32,3rd,4,OWN,43,0,(4:32) (SHOTGUN) 9-B.YOUNG PASS INCOMPLETE DEEP RIGHT TO 19-A.THIELEN.
12/17/2023,14,Panthers,1,0:08,3rd,14,OWN,31,1,(:08) (SHOTGUN) 9-B.YOUNG PASS SHORT LEFT TO 15-J.MINGO TO CAR 32 FOR 1 YARD (27-R.GRANT; 24-A.TERRELL).
12/24/2023,15,Panthers,4,12:57,3rd,4,OWN,43,0,(12:57) (SHOTGUN) 9-B.YOUNG PASS INCOMPLETE DEEP RIGHT TO 17-D.CHARK.
12/24/2023,15,Panthers,4,9:31,3rd,1,OPP,36,13,"(9:31) 11-I.SMITH-MARSETTE LEFT END PUSHED OB AT GB 23 FOR 13 YARDS (21-E.STOKES). PENALTY ON CAR-68-C.MAYS, UNNECESSARY ROUGHNESS, 15 YARDS, ENFORCED BETWEEN DOWNS."
12/24/2023,15,Panthers,4,7:30,3rd,12,OPP,40,16,"(7:30) (NO HUDDLE, SHOTGUN) 9-B.YOUNG PASS SHORT LEFT TO 17-D.CHARK TO GB 24 FOR 16 YARDS (23-J.ALEXER). FUMBLES (23-J.ALEXER), RECOVERED BY CAR-82-T.TREMBLE AT GB 23. PENALTY ON GB-95-D.WYATT, UNSPORTSMANLIKE CONDUCT, 12 YARDS, ENFORCED AT GB 23. GREEN BAY CHALLENGED THE PASS COMPLETION RULING,  THE PLAY WAS UPHELD. THE RULING ON THE FIELD STS. (TIMEOUT #1.)"
12/24/2023,15,Panthers,4,5:06,3rd,2,OWN,38,20,"(5:06) (SHOTGUN) 9-B.YOUNG PASS DEEP LEFT TO 17-D.CHARK TO GB 42 FOR 20 YARDS (36-A.JOHNSON). PENALTY ON GB-36-A.JOHNSON, UNNECESSARY ROUGHNESS, 15 YARDS, ENFORCED AT GB 42."
12/24/2023,15,Panthers,3,12:15,3rd,1,OWN,37,3,(12:15) 30-C.HUBBARD RIGHT TACKLE TO CAR 40 FOR 3 YARDS (21-E.STOKES).
12/24/2023,15,Panthers,3,9:23,3rd,7,OPP,44,6,(9:23) (SHOTGUN) 9-B.YOUNG PASS SHORT RIGHT TO 84-S.SULLIVAN TO GB 38 FOR 6 YARDS (34-J.OWENS).
12/24/2023,15,Panthers,2,14:05,3rd,7,OWN,26,19,(14:05) (SHOTGUN) 9-B.YOUNG PASS DEEP MIDDLE TO 17-D.CHARK TO CAR 45 FOR 19 YARDS (34-J.OWENS) [91-P.SMITH].
12/24/2023,15,Panthers,2,11:59,3rd,5,OPP,0,17,(11:59) (SHOTGUN) 9-B.YOUNG PASS SHORT MIDDLE TO 19-A.THIELEN TO GB 33 FOR 17 YARDS (36-A.JOHNSON; 21-E.STOKES).
12/24/2023,15,Panthers,2,4:56,3rd,2,OPP,38,0,(4:56) 30-C.HUBBARD UP THE MIDDLE TO GB 38 FOR NO GAIN (93-T.SLATON).
12/24/2023,15,Panthers,2,0:35,3rd,10,OWN,23,9,(:35) (SHOTGUN) 9-B.YOUNG PASS SHORT RIGHT TO 84-S.SULLIVAN RAN OB AT CAR 32 FOR 9 YARDS [91-P.SMITH].
12/24/2023,15,Panthers,1,13:31,3rd,8,OWN,17,0,(13:31) (SHOTGUN) 9-B.YOUNG PASS INCOMPLETE SHORT LEFT TO 82-T.TREMBLE.
12/24/2023,15,Panthers,1,11:44,3rd,9,OWN,33,0,(11:44) (SHOTGUN) 9-B.YOUNG PASS INCOMPLETE SHORT RIGHT TO 19-A.THIELEN.
12/24/2023,15,Panthers,1,5:32,3rd,10,OPP,34,0,(5:32) (SHOTGUN) 9-B.YOUNG PASS INCOMPLETE SHORT LEFT TO 84-S.SULLIVAN.
12/31/2023,16,Panthers,4,15:00,3rd,6,OWN,41,4,(15:00) (SHOTGUN) 9-B.YOUNG PASS SHORT RIGHT TO 15-J.MINGO TO CAR 45 FOR 4 YARDS (37-T.HERNDON).
12/31/2023,16,Panthers,4,12:21,3rd,8,OPP,46,-4,(12:21) (SHOTGUN) 9-B.YOUNG SACKED AT 50 FOR -4 YARDS (44-T.WALKER).
12/31/2023,16,Panthers,4,10:07,3rd,7,OPP,29,0,(10:07) (SHOTGUN) 9-B.YOUNG PASS INCOMPLETE DEEP RIGHT TO 17-D.CHARK (32-TY.CAMPBELL).
12/31/2023,16,Panthers,4,7:13,3rd,10,OWN,10,5,"(7:13) (SHOTGUN) 9-B.YOUNG PASS SHORT RIGHT TO 19-A.THIELEN TO CAR 15 FOR 5 YARDS (37-T.HERNDON, 23-F.OLUOKUN)."
12/31/2023,16,Panthers,3,13:41,3rd,5,OWN,30,2,(13:41) (SHOTGUN) 9-B.YOUNG SCRAMBLES LEFT END TO CAR 32 FOR 2 YARDS (33-D.LLOYD).
12/31/2023,16,Panthers,3,10:42,3rd,2,OWN,33,0,(10:42) (SHOTGUN) 9-B.YOUNG PASS INCOMPLETE DEEP LEFT TO 80-I.THOMAS.
12/31/2023,16,Panthers,3,0:18,3rd,2,OWN,45,0,"(:18) (SHOTGUN) PENALTY ON CAR-79-I.EKWONU, FALSE START, 4 YARDS, ENFORCED AT CAR 45 - NO PLAY."
12/31/2023,16,Panthers,2,13:57,3rd,8,OWN,24,-10,(13:57) (SHOTGUN) 9-B.YOUNG SACKED AT CAR 14 FOR -10 YARDS (44-T.WALKER).
12/31/2023,16,Panthers,2,5:24,3rd,12,OWN,23,-11,(5:24) (SHOTGUN) 9-B.YOUNG SACKED AT CAR 12 FOR -11 YARDS (41-J.ALLEN).
12/31/2023,16,Panthers,2,2:00,3rd,3,OWN,32,-7,(2:00) (SHOTGUN) 9-B.YOUNG SACKED AT CAR 25 FOR -7 YARDS (41-J.ALLEN).
12/31/2023,16,Panthers,2,0:37,3rd,4,OWN,48,0,(:37) (SHOTGUN) 9-B.YOUNG PASS INCOMPLETE SHORT RIGHT TO 30-C.HUBBARD.
12/31/2023,16,Panthers,1,7:18,3rd,2,OWN,33,9,(7:18) (SHOTGUN) 9-B.YOUNG PASS SHORT RIGHT TO 11-I.SMITH-MARSETTE TO CAR 42 FOR 9 YARDS (26-A.JOHNSON).
12/31/2023,16,Panthers,1,4:32,3rd,3,OPP,38,0,(4:32) (SHOTGUN) 9-B.YOUNG PASS INCOMPLETE SHORT LEFT TO 84-S.SULLIVAN (2-R.JENKINS).
12/31/2023,16,Panthers,1,2:18,3rd,7,OPP,21,0,(2:18) (SHOTGUN) 9-B.YOUNG PASS INCOMPLETE SHORT MIDDLE TO 82-T.TREMBLE (23-F.OLUOKUN).
1/7/2024,17,Panthers,4,8:56,3rd,1,OWN,46,0,"(8:56) (NO HUDDLE, SHOTGUN) 30-C.HUBBARD UP THE MIDDLE TO CAR 46 FOR NO GAIN (54-L.DAVID; 31-A.WINFIELD)."
1/7/2024,17,Panthers,3,13:39,3rd,8,OWN,17,0,"(13:39) (SHOTGUN) PENALTY ON TB-7-S.BARRETT, NEUTRAL ZONE INFRACTION, 5 YARDS, ENFORCED AT CAR 17 - NO PLAY."
1/7/2024,17,Panthers,3,13:18,3rd,3,OWN,22,6,(13:18) 30-C.HUBBARD UP THE MIDDLE TO CAR 28 FOR 6 YARDS (45-D.WHITE).
1/7/2024,17,Panthers,3,10:09,3rd,12,OWN,44,5,(10:09) (SHOTGUN) 30-C.HUBBARD RIGHT TACKLE TO CAR 49 FOR 5 YARDS (0-Y.DIABY).
1/7/2024,17,Panthers,3,4:29,3rd,5,OPP,49,6,(4:29) (SHOTGUN) 9-B.YOUNG PASS SHORT RIGHT TO 11-I.SMITH-MARSETTE PUSHED OB AT TB 43 FOR 6 YARDS (27-Z.MCCOLLUM).
1/7/2024,17,Panthers,3,3:04,3rd,6,OPP,39,1,(3:04) 30-C.HUBBARD UP THE MIDDLE TO TB 38 FOR 1 YARD (7-S.BARRETT; 0-Y.DIABY).
1/7/2024,17,Panthers,3,0:45,3rd,5,OPP,25,-9,(:45) (SHOTGUN) 9-B.YOUNG SACKED AT TB 34 FOR -9 YARDS (31-A.WINFIELD).
1/7/2024,17,Panthers,2,12:29,3rd,4,OPP,43,43,"(12:29) (SHOTGUN) 9-B.YOUNG PASS DEEP LEFT TO 17-D.CHARK FOR 43 YARDS, TOUCHDOWN. THE REPLAY OFFICIAL REVIEWED THE RUNNER BROKE THE PLANE RULING,  THE PLAY WAS REVERSED. (SHOTGUN) 9-B.YOUNG PASS DEEP LEFT TO 17-D.CHARK TO TB 1 FOR 42 YARDS (31-A.WINFIELD). FUMBLES (31-A.WINFIELD), RECOVERED BY TB-35-J.DEAN AT TB 0. TOUCHBACK."
1/7/2024,17,Panthers,2,10:04,3rd,9,OWN,22,7,(10:04) (SHOTGUN) 9-B.YOUNG PASS SHORT RIGHT TO 82-T.TREMBLE TO CAR 29 FOR 7 YARDS (24-C.DAVIS; 7-S.BARRETT).
1/7/2024,17,Panthers,2,3:18,3rd,8,OWN,25,5,(3:18) (SHOTGUN) 9-B.YOUNG PASS SHORT LEFT TO 80-I.THOMAS TO CAR 30 FOR 5 YARDS (27-Z.MCCOLLUM).
1/7/2024,17,Panthers,2,1:25,3rd,9,OWN,21,0,(1:25) (SHOTGUN) 9-B.YOUNG PASS INCOMPLETE SHORT RIGHT TO 17-D.CHARK.
1/7/2024,17,Panthers,1,9:40,3rd,4,OWN,43,-8,(9:40) (SHOTGUN) 9-B.YOUNG SACKED AT CAR 35 FOR -8 YARDS (0-Y.DIABY).
1/7/2024,17,Panthers,1,3:18,3rd,4,OWN,40,-3,(3:18) (SHOTGUN) 30-C.HUBBARD LEFT TACKLE TO CAR 37 FOR -3 YARDS (45-D.WHITE).
